Name,Given Name,Additional Name,Family Name,Yomi Name,Given Name Yomi,Additional Name Yomi,Family Name Yomi,Name Prefix,Name Suffix,Initials,Nickname,Short Name,Maiden Name,Birthday,Gender,Location,Billing Information,Directory Server,Mileage,Occupation,Hobby,Sensitivity,Priority,Subject,Notes,Language,Photo,Group Membership,Phone 1 - Type,Phone 1 - Value
Ahmed Salheia001,,,,,,,,,,,,,,,,,,,,,,,,,,,,,Mobile,+597847916
Ahmed Salheia002,,,,,,,,,,,,,,,,,,,,,,,,,,,,,Mobile,+598456375
Ahmed Salheia003,,,,,,,,,,,,,,,,,,,,,,,,,,,,,Mobile,+597847916
Ahmed Salheia004,,,,,,,,,,,,,,,,,,,,,,,,,,,,,Mobile,+597847916
Ahmed Salheia005,,,,,,,,,,,,,,,,,,,,,,,,,,,,,Mobile,+597847916
Ahmed Salheia006,,,,,,,,,,,,,,,,,,,,,,,,,,,,,Mobile,+598456375
Ahmed Salheia007,,,,,,,,,,,,,,,,,,,,,,,,,,,,,Mobile,+597847916
Ahmed Salheia008,,,,,,,,,,,,,,,,,,,,,,,,,,,,,Mobile,+597847916
Ahmed Salheia009,,,,,,,,,,,,,,,,,,,,,,,,,,,,,Mobile,+597847916
Ahmed Salheia010,,,,,,,,,,,,,,,,,,,,,,,,,,,,,Mobile,+598456375
Ahmed Salheia011,,,,,,,,,,,,,,,,,,,,,,,,,,,,,Mobile,+597847916
Ahmed Salheia012,,,,,,,,,,,,,,,,,,,,,,,,,,,,,Mobile,+597847916
Ahmed Salheia013,,,,,,,,,,,,,,,,,,,,,,,,,,,,,Mobile,+597847916
Ahmed Salheia014,,,,,,,,,,,,,,,,,,,,,,,,,,,,,Mobile,+598456375
Ahmed Salheia015,,,,,,,,,,,,,,,,,,,,,,,,,,,,,Mobile,+597847916
Ahmed Salheia016,,,,,,,,,,,,,,,,,,,,,,,,,,,,,Mobile,+597847916
Ahmed Salheia017,,,,,,,,,,,,,,,,,,,,,,,,,,,,,Mobile,+597847916
Ahmed Salheia018,,,,,,,,,,,,,,,,,,,,,,,,,,,,,Mobile,+598456375
Ahmed Salheia019,,,,,,,,,,,,,,,,,,,,,,,,,,,,,Mobile,+597847916
Ahmed Salheia020,,,,,,,,,,,,,,,,,,,,,,,,,,,,,Mobile,+597847916
Ahmed Salheia021,,,,,,,,,,,,,,,,,,,,,,,,,,,,,Mobile,+597847916
Ahmed Salheia022,,,,,,,,,,,,,,,,,,,,,,,,,,,,,Mobile,+598456375
Ahmed Salheia023,,,,,,,,,,,,,,,,,,,,,,,,,,,,,Mobile,+597847916
Ahmed Salheia024,,,,,,,,,,,,,,,,,,,,,,,,,,,,,Mobile,+597847916
Ahmed Salheia025,,,,,,,,,,,,,,,,,,,,,,,,,,,,,Mobile,+597847916
Ahmed Salheia026,,,,,,,,,,,,,,,,,,,,,,,,,,,,,Mobile,+598456375
Ahmed Salheia027,,,,,,,,,,,,,,,,,,,,,,,,,,,,,Mobile,+597847916
Ahmed Salheia028,,,,,,,,,,,,,,,,,,,,,,,,,,,,,Mobile,+597847916
Ahmed Salheia029,,,,,,,,,,,,,,,,,,,,,,,,,,,,,Mobile,+597847916
Ahmed Salheia030,,,,,,,,,,,,,,,,,,,,,,,,,,,,,Mobile,+598456375
Ahmed Salheia031,,,,,,,,,,,,,,,,,,,,,,,,,,,,,Mobile,+597847916
Ahmed Salheia032,,,,,,,,,,,,,,,,,,,,,,,,,,,,,Mobile,+597847916
Ahmed Salheia033,,,,,,,,,,,,,,,,,,,,,,,,,,,,,Mobile,+597847916
Ahmed Salheia034,,,,,,,,,,,,,,,,,,,,,,,,,,,,,Mobile,+598456375
Ahmed Salheia035,,,,,,,,,,,,,,,,,,,,,,,,,,,,,Mobile,+597847916
Ahmed Salheia036,,,,,,,,,,,,,,,,,,,,,,,,,,,,,Mobile,+597847916
Ahmed Salheia037,,,,,,,,,,,,,,,,,,,,,,,,,,,,,Mobile,+597847916
Ahmed Salheia038,,,,,,,,,,,,,,,,,,,,,,,,,,,,,Mobile,+598456375
Ahmed Salheia039,,,,,,,,,,,,,,,,,,,,,,,,,,,,,Mobile,+597847916
Ahmed Salheia040,,,,,,,,,,,,,,,,,,,,,,,,,,,,,Mobile,+597847916
Ahmed Salheia041,,,,,,,,,,,,,,,,,,,,,,,,,,,,,Mobile,+597847916
Ahmed Salheia042,,,,,,,,,,,,,,,,,,,,,,,,,,,,,Mobile,+598456375
Ahmed Salheia043,,,,,,,,,,,,,,,,,,,,,,,,,,,,,Mobile,+597847916
Ahmed Salheia044,,,,,,,,,,,,,,,,,,,,,,,,,,,,,Mobile,+597847916
Ahmed Salheia045,,,,,,,,,,,,,,,,,,,,,,,,,,,,,Mobile,+597847916
Ahmed Salheia046,,,,,,,,,,,,,,,,,,,,,,,,,,,,,Mobile,+598456375
Ahmed Salheia047,,,,,,,,,,,,,,,,,,,,,,,,,,,,,Mobile,+597847916
Ahmed Salheia048,,,,,,,,,,,,,,,,,,,,,,,,,,,,,Mobile,+597847916
Ahmed Salheia049,,,,,,,,,,,,,,,,,,,,,,,,,,,,,Mobile,+597847916
Ahmed Salheia050,,,,,,,,,,,,,,,,,,,,,,,,,,,,,Mobile,+598456375
Ahmed Salheia051,,,,,,,,,,,,,,,,,,,,,,,,,,,,,Mobile,+597847916
Ahmed Salheia052,,,,,,,,,,,,,,,,,,,,,,,,,,,,,Mobile,+597847916
Ahmed Salheia053,,,,,,,,,,,,,,,,,,,,,,,,,,,,,Mobile,+597847916
Ahmed Salheia054,,,,,,,,,,,,,,,,,,,,,,,,,,,,,Mobile,+598456375
Ahmed Salheia055,,,,,,,,,,,,,,,,,,,,,,,,,,,,,Mobile,+597847916
Ahmed Salheia056,,,,,,,,,,,,,,,,,,,,,,,,,,,,,Mobile,+597847916
Ahmed Salheia057,,,,,,,,,,,,,,,,,,,,,,,,,,,,,Mobile,+597847916
Ahmed Salheia058,,,,,,,,,,,,,,,,,,,,,,,,,,,,,Mobile,+598456375
Ahmed Salheia059,,,,,,,,,,,,,,,,,,,,,,,,,,,,,Mobile,+597847916
Ahmed Salheia060,,,,,,,,,,,,,,,,,,,,,,,,,,,,,Mobile,+597847916
Ahmed Salheia061,,,,,,,,,,,,,,,,,,,,,,,,,,,,,Mobile,+597847916
Ahmed Salheia062,,,,,,,,,,,,,,,,,,,,,,,,,,,,,Mobile,+598456375
Ahmed Salheia063,,,,,,,,,,,,,,,,,,,,,,,,,,,,,Mobile,+597847916
Ahmed Salheia064,,,,,,,,,,,,,,,,,,,,,,,,,,,,,Mobile,+597847916
Ahmed Salheia065,,,,,,,,,,,,,,,,,,,,,,,,,,,,,Mobile,+597847916
Ahmed Salheia066,,,,,,,,,,,,,,,,,,,,,,,,,,,,,Mobile,+598456375
Ahmed Salheia067,,,,,,,,,,,,,,,,,,,,,,,,,,,,,Mobile,+597847916
Ahmed Salheia068,,,,,,,,,,,,,,,,,,,,,,,,,,,,,Mobile,+597847916
Ahmed Salheia069,,,,,,,,,,,,,,,,,,,,,,,,,,,,,Mobile,+597847916
Ahmed Salheia070,,,,,,,,,,,,,,,,,,,,,,,,,,,,,Mobile,+598456375
Ahmed Salheia071,,,,,,,,,,,,,,,,,,,,,,,,,,,,,Mobile,+597847916
Ahmed Salheia072,,,,,,,,,,,,,,,,,,,,,,,,,,,,,Mobile,+597847916
Ahmed Salheia073,,,,,,,,,,,,,,,,,,,,,,,,,,,,,Mobile,+597847916
Ahmed Salheia074,,,,,,,,,,,,,,,,,,,,,,,,,,,,,Mobile,+598456375
Ahmed Salheia075,,,,,,,,,,,,,,,,,,,,,,,,,,,,,Mobile,+597847916
Ahmed Salheia076,,,,,,,,,,,,,,,,,,,,,,,,,,,,,Mobile,+597847916
Ahmed Salheia077,,,,,,,,,,,,,,,,,,,,,,,,,,,,,Mobile,+597847916
Ahmed Salheia078,,,,,,,,,,,,,,,,,,,,,,,,,,,,,Mobile,+598456375
Ahmed Salheia079,,,,,,,,,,,,,,,,,,,,,,,,,,,,,Mobile,+597847916
Ahmed Salheia080,,,,,,,,,,,,,,,,,,,,,,,,,,,,,Mobile,+597847916
Ahmed Salheia081,,,,,,,,,,,,,,,,,,,,,,,,,,,,,Mobile,+597847916
Ahmed Salheia082,,,,,,,,,,,,,,,,,,,,,,,,,,,,,Mobile,+598456375
Ahmed Salheia083,,,,,,,,,,,,,,,,,,,,,,,,,,,,,Mobile,+597847916
Ahmed Salheia084,,,,,,,,,,,,,,,,,,,,,,,,,,,,,Mobile,+597847916
Ahmed Salheia085,,,,,,,,,,,,,,,,,,,,,,,,,,,,,Mobile,+597847916
Ahmed Salheia086,,,,,,,,,,,,,,,,,,,,,,,,,,,,,Mobile,+598456375
Ahmed Salheia087,,,,,,,,,,,,,,,,,,,,,,,,,,,,,Mobile,+597847916
Ahmed Salheia088,,,,,,,,,,,,,,,,,,,,,,,,,,,,,Mobile,+597847916
Ahmed Salheia089,,,,,,,,,,,,,,,,,,,,,,,,,,,,,Mobile,+597847916
Ahmed Salheia090,,,,,,,,,,,,,,,,,,,,,,,,,,,,,Mobile,+598456375
Ahmed Salheia091,,,,,,,,,,,,,,,,,,,,,,,,,,,,,Mobile,+597847916
Ahmed Salheia092,,,,,,,,,,,,,,,,,,,,,,,,,,,,,Mobile,+597847916
Ahmed Salheia093,,,,,,,,,,,,,,,,,,,,,,,,,,,,,Mobile,+597847916
Ahmed Salheia094,,,,,,,,,,,,,,,,,,,,,,,,,,,,,Mobile,+598456375
Ahmed Salheia095,,,,,,,,,,,,,,,,,,,,,,,,,,,,,Mobile,+597847916
Ahmed Salheia096,,,,,,,,,,,,,,,,,,,,,,,,,,,,,Mobile,+597847916
Ahmed Salheia097,,,,,,,,,,,,,,,,,,,,,,,,,,,,,Mobile,+597847916
Ahmed Salheia098,,,,,,,,,,,,,,,,,,,,,,,,,,,,,Mobile,+598456375
Ahmed Salheia099,,,,,,,,,,,,,,,,,,,,,,,,,,,,,Mobile,+597847916
Ahmed Salheia100,,,,,,,,,,,,,,,,,,,,,,,,,,,,,Mobile,+597847916
Ahmed Salheia101,,,,,,,,,,,,,,,,,,,,,,,,,,,,,Mobile,+597847916
Ahmed Salheia102,,,,,,,,,,,,,,,,,,,,,,,,,,,,,Mobile,+598456375
Ahmed Salheia103,,,,,,,,,,,,,,,,,,,,,,,,,,,,,Mobile,+597847916
Ahmed Salheia104,,,,,,,,,,,,,,,,,,,,,,,,,,,,,Mobile,+597847916
Ahmed Salheia105,,,,,,,,,,,,,,,,,,,,,,,,,,,,,Mobile,+597847916
Ahmed Salheia106,,,,,,,,,,,,,,,,,,,,,,,,,,,,,Mobile,+598456375
Ahmed Salheia107,,,,,,,,,,,,,,,,,,,,,,,,,,,,,Mobile,+597847916
Ahmed Salheia108,,,,,,,,,,,,,,,,,,,,,,,,,,,,,Mobile,+597847916
Ahmed Salheia109,,,,,,,,,,,,,,,,,,,,,,,,,,,,,Mobile,+597847916
Ahmed Salheia110,,,,,,,,,,,,,,,,,,,,,,,,,,,,,Mobile,+598456375
Ahmed Salheia111,,,,,,,,,,,,,,,,,,,,,,,,,,,,,Mobile,+597847916
Ahmed Salheia112,,,,,,,,,,,,,,,,,,,,,,,,,,,,,Mobile,+597847916
Ahmed Salheia113,,,,,,,,,,,,,,,,,,,,,,,,,,,,,Mobile,+597847916
Ahmed Salheia114,,,,,,,,,,,,,,,,,,,,,,,,,,,,,Mobile,+598456375
Ahmed Salheia115,,,,,,,,,,,,,,,,,,,,,,,,,,,,,Mobile,+597847916
Ahmed Salheia116,,,,,,,,,,,,,,,,,,,,,,,,,,,,,Mobile,+597847916
Ahmed Salheia117,,,,,,,,,,,,,,,,,,,,,,,,,,,,,Mobile,+597847916
Ahmed Salheia118,,,,,,,,,,,,,,,,,,,,,,,,,,,,,Mobile,+598456375
Ahmed Salheia119,,,,,,,,,,,,,,,,,,,,,,,,,,,,,Mobile,+597847916
Ahmed Salheia120,,,,,,,,,,,,,,,,,,,,,,,,,,,,,Mobile,+597847916
Ahmed Salheia121,,,,,,,,,,,,,,,,,,,,,,,,,,,,,Mobile,+597847916
Ahmed Salheia122,,,,,,,,,,,,,,,,,,,,,,,,,,,,,Mobile,+598456375
Ahmed Salheia123,,,,,,,,,,,,,,,,,,,,,,,,,,,,,Mobile,+597847916
Ahmed Salheia124,,,,,,,,,,,,,,,,,,,,,,,,,,,,,Mobile,+597847916
Ahmed Salheia125,,,,,,,,,,,,,,,,,,,,,,,,,,,,,Mobile,+597847916
Ahmed Salheia126,,,,,,,,,,,,,,,,,,,,,,,,,,,,,Mobile,+598456375
Ahmed Salheia127,,,,,,,,,,,,,,,,,,,,,,,,,,,,,Mobile,+597847916
Ahmed Salheia128,,,,,,,,,,,,,,,,,,,,,,,,,,,,,Mobile,+597847916
Ahmed Salheia129,,,,,,,,,,,,,,,,,,,,,,,,,,,,,Mobile,+597847916
Ahmed Salheia130,,,,,,,,,,,,,,,,,,,,,,,,,,,,,Mobile,+598456375
Ahmed Salheia131,,,,,,,,,,,,,,,,,,,,,,,,,,,,,Mobile,+597847916
Ahmed Salheia132,,,,,,,,,,,,,,,,,,,,,,,,,,,,,Mobile,+597847916
Ahmed Salheia133,,,,,,,,,,,,,,,,,,,,,,,,,,,,,Mobile,+597847916
Ahmed Salheia134,,,,,,,,,,,,,,,,,,,,,,,,,,,,,Mobile,+598456375
Ahmed Salheia135,,,,,,,,,,,,,,,,,,,,,,,,,,,,,Mobile,+597847916
Ahmed Salheia136,,,,,,,,,,,,,,,,,,,,,,,,,,,,,Mobile,+597847916
Ahmed Salheia137,,,,,,,,,,,,,,,,,,,,,,,,,,,,,Mobile,+597847916
Ahmed Salheia138,,,,,,,,,,,,,,,,,,,,,,,,,,,,,Mobile,+598456375
Ahmed Salheia139,,,,,,,,,,,,,,,,,,,,,,,,,,,,,Mobile,+597847916
Ahmed Salheia140,,,,,,,,,,,,,,,,,,,,,,,,,,,,,Mobile,+597847916
Ahmed Salheia141,,,,,,,,,,,,,,,,,,,,,,,,,,,,,Mobile,+597847916
Ahmed Salheia142,,,,,,,,,,,,,,,,,,,,,,,,,,,,,Mobile,+598456375
Ahmed Salheia143,,,,,,,,,,,,,,,,,,,,,,,,,,,,,Mobile,+597847916
Ahmed Salheia144,,,,,,,,,,,,,,,,,,,,,,,,,,,,,Mobile,+597847916
Ahmed Salheia145,,,,,,,,,,,,,,,,,,,,,,,,,,,,,Mobile,+597847916
Ahmed Salheia146,,,,,,,,,,,,,,,,,,,,,,,,,,,,,Mobile,+598456375
Ahmed Salheia147,,,,,,,,,,,,,,,,,,,,,,,,,,,,,Mobile,+597847916
Ahmed Salheia148,,,,,,,,,,,,,,,,,,,,,,,,,,,,,Mobile,+597847916
Ahmed Salheia149,,,,,,,,,,,,,,,,,,,,,,,,,,,,,Mobile,+597847916
Ahmed Salheia150,,,,,,,,,,,,,,,,,,,,,,,,,,,,,Mobile,+598456375
Ahmed Salheia151,,,,,,,,,,,,,,,,,,,,,,,,,,,,,Mobile,+597847916
Ahmed Salheia152,,,,,,,,,,,,,,,,,,,,,,,,,,,,,Mobile,+597847916
Ahmed Salheia153,,,,,,,,,,,,,,,,,,,,,,,,,,,,,Mobile,+597847916
Ahmed Salheia154,,,,,,,,,,,,,,,,,,,,,,,,,,,,,Mobile,+598456375
Ahmed Salheia155,,,,,,,,,,,,,,,,,,,,,,,,,,,,,Mobile,+597847916
Ahmed Salheia156,,,,,,,,,,,,,,,,,,,,,,,,,,,,,Mobile,+597847916
Ahmed Salheia157,,,,,,,,,,,,,,,,,,,,,,,,,,,,,Mobile,+597847916
Ahmed Salheia158,,,,,,,,,,,,,,,,,,,,,,,,,,,,,Mobile,+598456375
Ahmed Salheia159,,,,,,,,,,,,,,,,,,,,,,,,,,,,,Mobile,+597847916
Ahmed Salheia160,,,,,,,,,,,,,,,,,,,,,,,,,,,,,Mobile,+597847916
Ahmed Salheia161,,,,,,,,,,,,,,,,,,,,,,,,,,,,,Mobile,+597847916
Ahmed Salheia162,,,,,,,,,,,,,,,,,,,,,,,,,,,,,Mobile,+598456375
Ahmed Salheia163,,,,,,,,,,,,,,,,,,,,,,,,,,,,,Mobile,+597847916
Ahmed Salheia164,,,,,,,,,,,,,,,,,,,,,,,,,,,,,Mobile,+597847916
Ahmed Salheia165,,,,,,,,,,,,,,,,,,,,,,,,,,,,,Mobile,+597847916
Ahmed Salheia166,,,,,,,,,,,,,,,,,,,,,,,,,,,,,Mobile,+598456375
Ahmed Salheia167,,,,,,,,,,,,,,,,,,,,,,,,,,,,,Mobile,+597847916
Ahmed Salheia168,,,,,,,,,,,,,,,,,,,,,,,,,,,,,Mobile,+597847916
Ahmed Salheia169,,,,,,,,,,,,,,,,,,,,,,,,,,,,,Mobile,+597847916
Ahmed Salheia170,,,,,,,,,,,,,,,,,,,,,,,,,,,,,Mobile,+598456375
Ahmed Salheia171,,,,,,,,,,,,,,,,,,,,,,,,,,,,,Mobile,+597847916
Ahmed Salheia172,,,,,,,,,,,,,,,,,,,,,,,,,,,,,Mobile,+597847916
Ahmed Salheia173,,,,,,,,,,,,,,,,,,,,,,,,,,,,,Mobile,+597847916
Ahmed Salheia174,,,,,,,,,,,,,,,,,,,,,,,,,,,,,Mobile,+598456375
Ahmed Salheia175,,,,,,,,,,,,,,,,,,,,,,,,,,,,,Mobile,+597847916
Ahmed Salheia176,,,,,,,,,,,,,,,,,,,,,,,,,,,,,Mobile,+597847916
Ahmed Salheia177,,,,,,,,,,,,,,,,,,,,,,,,,,,,,Mobile,+597847916
Ahmed Salheia178,,,,,,,,,,,,,,,,,,,,,,,,,,,,,Mobile,+598456375
Ahmed Salheia179,,,,,,,,,,,,,,,,,,,,,,,,,,,,,Mobile,+597847916
Ahmed Salheia180,,,,,,,,,,,,,,,,,,,,,,,,,,,,,Mobile,+597847916
Ahmed Salheia181,,,,,,,,,,,,,,,,,,,,,,,,,,,,,Mobile,+597847916
Ahmed Salheia182,,,,,,,,,,,,,,,,,,,,,,,,,,,,,Mobile,+598456375
Ahmed Salheia183,,,,,,,,,,,,,,,,,,,,,,,,,,,,,Mobile,+597847916
Ahmed Salheia184,,,,,,,,,,,,,,,,,,,,,,,,,,,,,Mobile,+597847916
Ahmed Salheia185,,,,,,,,,,,,,,,,,,,,,,,,,,,,,Mobile,+597847916
Ahmed Salheia186,,,,,,,,,,,,,,,,,,,,,,,,,,,,,Mobile,+598456375
Ahmed Salheia187,,,,,,,,,,,,,,,,,,,,,,,,,,,,,Mobile,+597847916
Ahmed Salheia188,,,,,,,,,,,,,,,,,,,,,,,,,,,,,Mobile,+597847916
Ahmed Salheia189,,,,,,,,,,,,,,,,,,,,,,,,,,,,,Mobile,+597847916
Ahmed Salheia190,,,,,,,,,,,,,,,,,,,,,,,,,,,,,Mobile,+598456375
Ahmed Salheia191,,,,,,,,,,,,,,,,,,,,,,,,,,,,,Mobile,+597847916
Ahmed Salheia192,,,,,,,,,,,,,,,,,,,,,,,,,,,,,Mobile,+597847916
